ID,State,Week,Original FICO Score,Latest FICO Score,"Dlq 
Days", Purchase Price , Down Payment ," Original
Principal
Balance "," Current
Principal 
Balance ", Total Amount Due ," Total
NSF
Due ", Total Late Charges Due , Payoff Amount ," Current 
Payment 
Amount  ","Current 
Rate","Current 
Term",Term Paid," Total Maintenance
Fee
Balance Due ","Payment
Type","Payment
Due Day",Times Late,Times DLQ,Times Defaulted,
1,NY,21,669,690,-15,14850,3124,11726,3480, -   , -   , -   ,3500,174,13,120,70, -   ,COUPON,15,13,0,0,
2,MD,46,592,512,554,9500,950,8550,1706,2010, -   ,132,1992,169,16,84,64,-241,COUPON,25,8,8,8,
3,NC,30,781,787,-25,24550,18500,6050,3296, -   , -   , -   ,3301,128,10,60,31, -   ,AUTO DEBIT,25,0,0,0,
4,CA,46,680,667,-15,17900,1790,16110,13985, -   , -   , -   ,14078,259,15,120,30, -   ,AUTO DEBIT,15,0,0,0,
5,TX,42,757,747,-5,16100,4830,11270,10186, -   , -   , -   ,10273,161,12,120,20, -   ,AUTO DEBIT,5,0,0,0,
6,SC,7,703,685,-15,9810,981,8829,5856, -   , -   , -   ,5895,158,15,96,46, -   ,AUTO DEBIT,15,1,0,0,
7,WV,43,600,651,-20,21400,2249,19151,17208, -   , -   , -   ,17286,308,15,120,24, -   ,AUTO DEBIT,20,0,0,0,
8,SC,16,517,528,128,10800,1080,9720,7801,1075,120,136,8500,174,15,96,30,580,COUPON,25,14,12,1,
9,VA,44,611,668,720,20400,4081,16319,14446,7830, -   ,512,18580,305,14,84,14,2555,COUPON,10,14,13,10,
10,NC,4,593,609,-25,5200,520,4680,3370,60,60, -   ,3437,106,13,60,19,780,COUPON,25,7,5,0,
11,NC,15,681,602,-20,14900,1597,13303,11334,12, -   ,12,11398,214,15,120,33,991,AUTO DEBIT,20,0,0,0,
12,NJ,17,728,608,-10,9800,980,8820,6794, -   , -   , -   ,6853,158,15,96,34, -   ,AUTO DEBIT,10,0,0,0,
13,NC,6,537,647,-5,6750,675,6075,5001, -   , -   , -   ,5051,114,14,84,22, -   ,AUTO DEBIT,5,0,0,0,
14,WV,52,589,653,-1,16600,2979,13621,11273, -   , -   , -   ,11583,227,16,120,37,0,COUPON,1,8,0,0,
15,TN,24,610,682,-10,23200,2433,20767,15549, -   , -   , -   ,15684,334,15,120,50, -   ,AUTO DEBIT,10,0,0,0,
16,KY,44,1,678,-15,20400,4941,15459,13040, -   , -   , -   ,13115,230,13,120,32, -   ,AUTO DEBIT,15,1,0,0,
17,PA,35,1,694,-15,12600,1890,10710,9512, -   , -   , -   ,9571,166,14,120,25, -   ,AUTO DEBIT,1,0,0,0,
18,NC,20,780,736,-10,19400,3324,16076,13117, -   , -   , -   ,13224,249,14,120,38, -   ,AUTO DEBIT,10,0,0,0,
19,MD,32,780,787,-15,24200,11100,13100,10472, -   , -   , -   ,10527,187,12,120,38, -   ,AUTO DEBIT,15,0,0,0,
20,PA,38,650,537,-15,17900,2007,15893,13093,30,30, -   ,13210,255,15,120,37, -   ,AUTO DEBIT,15,1,0,0,
21,TN,47,640,486,20,9700,1000,8700,6407,414, -   ,259,6800,156,15,96,38,1106,AUTO DEBIT,10,14,12,0,
22,GA,52,661,676,112,14900,1490,13410,11277,1004,90,52,12069,216,15,120,35,804,COUPON,10,4,3,0,
23,MD,6,604,643,-25,7500,750,6750,4971, -   , -   , -   ,4983,121,15,96,38, -   ,AUTO DEBIT,25,0,0,0,
24,TN,13,672,779,-15,14900,1490,13410,12049,13, -   ,13,12129,216,15,120,24,722,COUPON,15,11,0,0,
25,WV,33,596,616,360,16400,1640,14760,12742,3925, -   ,471,15509,290,18,96,24,1685,COUPON,5,14,13,8,
26,NC,1,463,610,25,9800,2997,6803,5420,123, -   ,7,5518,116,11,84,23,778,COUPON,5,3,0,0,
27,NC,20,602,644,-25,19400,2041,17359,15069, -   , -   , -   ,15106,279,15,120,29,-200,AUTO DEBIT,25,0,0,0,
28,NC,22,570,594,-1,12000,1200,10800,9375, -   , -   , -   ,9618,174,15,120,30, -   ,AUTO DEBIT,1,0,0,0,
29,NC,18,681,676,-25,16050,9450,6600,4091, -   , -   , -   ,4099,94,12,120,63,722,AUTO DEBIT,25,0,0,0,
30,NC,35,645,529,25,14900,1490,13410,11541,296, -   ,80,11888,216,15,120,28,537,COUPON,5,14,11,3,
31,WV,37,643,659,-20,16100,1793,14307,11787, -   , -   , -   ,11840,230,15,120,38, -   ,AUTO DEBIT,20,0,0,0,
32,PA,4,601,619,-15,6200,620,5580,3807, -   , -   , -   ,3832,100,15,96,43,596,COUPON,15,6,2,0,
33,OH,14,696,499,67,16950,1695,15255,13781,765,30,44,14355,245,15,120,23,1431,COUPON,25,4,3,0,
34,OH,9,757,808,-5,10150,1015,9135,7180, -   , -   , -   ,7252,171,14,84,26, -   ,AUTO DEBIT,5,0,0,0,
35,KY,9,666,,-20,7500,750,6750,4730, -   , -   , -   ,4752,121,15,96,42, -   ,AUTO DEBIT,20,0,0,0,
36,GA,2,722,768,-5,5200,520,4680,3968, -   , -   , -   ,4011,84,15,96,24, -   ,AUTO DEBIT,5,0,0,0,
37,VA,3,737,698,-15,7500,1500,6000,4167, -   , -   , -   ,4187,130,11,60,22, -   ,AUTO DEBIT,15,0,0,0,
38,GA,4,764,787,-25,6200,620,5580,3593, -   , -   , -   ,3602,100,15,96,48,363,AUTO DEBIT,25,0,0,0,
39,VA,44,524,657,1213,12600,1260,11340,10684,9175, -   ,256,16506,223,18,96,10,1586,COUPON,5,14,13,10,
40,NC,20,785,807,-5,16050,4815,11235,7154, -   , -   , -   ,7226,174,14,120,60, -   ,AUTO DEBIT,5,5,0,0,
41,CT,32,1,742,-13,24200,3795,20405,17692, -   , -   , -   ,17815,316,14,120,29, -   ,AUTO DEBIT,13,0,0,0,
42,SC,33,774,756,-1,13200,4575,8625,4650, -   , -   , -   ,4762,129,13,120,72, -   ,COUPON,1,14,0,0,
43,SC,5,645,541,117,6200,620,5580,3600,453,30,24,3865,100,15,96,41,623,COUPON,5,14,11,1,
44,VA,36,1,599,-20,14900,5492,9408,6027,11, -   ,11,6056,199,10,60,25, -   ,COUPON,20,13,0,0,
45,WV,30,728,722,-25,24200,2687,21513,19116, -   , -   , -   ,19164,346,15,120,26,332,AUTO DEBIT,25,0,0,0,
46,OH,24,771,731,-25,11600,1160,10440,5456, -   , -   , -   ,5469,195,14,84,50,4,AUTO DEBIT,25,0,0,0,
47,FL,19,798,797,-20,17900,9835,8065,6598, -   , -   , -   ,6622,115,12,120,35, -   ,AUTO DEBIT,20,0,0,0,
48,SC,25,696,728,-10,34500,19400,15100,11978, -   , -   , -   ,12061,216,12,120,37,-141,AUTO DEBIT,10,0,0,0,
49,PA,40,817,829,-25,16750,5025,11725,6581, -   , -   , -   ,6592,249,10,60,30, -   ,AUTO DEBIT,25,0,0,0,
50,NJ,10,642,550,-1,14900,2152,12748,11454, -   , -   , -   ,11749,205,15,120,24,732,AUTO DEBIT,1,0,0,0,
51,CA,48,753,488,-25,6900,690,6210,5287, -   , -   , -   ,5301,111,15,96,24,233,AUTO DEBIT,25,0,0,0,
52,WV,20,500,615,-1,15300,1530,13770,11424, -   , -   , -   ,11721,221,15,120,37,732,AUTO DEBIT,1,0,0,0,
53,MA,40,717,774,-10,16900,2205,14695,11294, -   , -   , -   ,11392,236,15,120,47, -   ,AUTO DEBIT,10,0,0,0,
54,OH,36,1,526,-28,16750,2132,14618,13264, -   , -   , -   ,13280,235,15,120,22,1304,AUTO DEBIT,28,0,0,0,
55,SC,41,1,792,-15,20400,3524,16876,14355, -   , -   , -   ,14443,261,14,120,32,-395,AUTO DEBIT,15,1,0,0,
56,NC,1,602,551,-25,6200,620,5580,3640, -   , -   , -   ,3649,104,14,84,39, -   ,AUTO DEBIT,25,0,0,0,
57,NC,22,586,666,-25,19400,1940,17460,14585, -   , -   , -   ,14621,281,15,120,36,722,AUTO DEBIT,25,3,1,0,
58,PA,52,477,565,314,15650,1565,14085,7168,3093, -   ,598,8677,226,15,120,77,3568,COUPON,20,13,10,7,
59,NC,40,710,772,-5,11200,1120,10080,5965, -   , -   , -   ,6025,156,14,120,69,732,AUTO DEBIT,5,0,0,0,
60,SC,10,680,675,25,7500,750,6750,4607,129, -   ,14,4722,121,15,96,38, -   ,COUPON,5,11,2,0,
61,NC,4,662,696,-10,6750,675,6075,4598,44,30,14,4679,114,14,84,28, -   ,AUTO DEBIT,10,2,1,0,
62,OH,39,500,659,-5,19400,2910,16490,8187, -   , -   , -   ,8104,317,15,84,49, -   ,COUPON,5,14,1,0,
63,NC,8,771,783,-5,7700,770,6930,5201,8, -   ,8,5277,136,18,96,37,363,COUPON,5,13,0,0,
64,NC,32,804,776,-1,24550,3817,20733,16829, -   , -   , -   ,17223,399,13,84,20, -   ,AUTO DEBIT,1,0,0,0,
65,PA,23,674,766,5,16400,1640,14760,11483,264, -   ,206,12385,264,15,96,35,1302,COUPON,25,15,11,5,
66,NY,43,695,589,-15,9700,970,8730,6117, -   , -   , -   ,6158,156,15,96,42,369,AUTO DEBIT,15,0,0,0,
67,CT,21,758,796,-10,19400,2754,16646,12638, -   , -   , -   ,12740,257,14,120,47,722,AUTO DEBIT,10,0,0,0,
68,VA,44,645,693,-25,16900,2716,14184,11401, -   , -   , -   ,11428,219,14,120,40, -   ,AUTO DEBIT,25,0,0,0,
69,FL,35,790,812,-36,16900,8925,7975, -   , -   , -   , -   , -   ,114,12,120,59, -   ,COUPON,5,1,0,0,
70,NC,14,655,781,-15,12500,1250,11250,9397, -   , -   , -   ,9460,181,15,120,36,1294,AUTO DEBIT,15,0,0,0,
71,NC,36,691,710,-15,20400,2131,18269,15086,20,20, -   ,15205,327,15,96,27,722,AUTO DEBIT,15,1,0,0,
72,NC,32,1,819,-25,24200,7260,16940,14267, -   , -   , -   ,14295,242,12,120,31,1,AUTO DEBIT,25,0,0,0,
73,VA,31,634,552,-5,24200,4182,20018,16452, -   , -   , -   ,16617,310,14,120,37,732,AUTO DEBIT,5,0,0,0,
74,VA,44,769,689,-15,20750,11100,9650,8127, -   , -   , -   ,8170,138,12,120,31, -   ,AUTO DEBIT,15,0,0,0,
75,NC,32,672,637,10,23500,2350,21150,15575,425, -   ,159,15885,378,15,96,38,793,COUPON,20,13,6,0,
76,NC,10,516,512,345,16950,1695,15255,14207,3253,90,221,16636,245,15,120,17,1637,COUPON,20,14,13,8,
77,VA,20,778,792,-20,17100,10700,6400,5116, -   , -   , -   ,5135,91,12,120,37, -   ,COUPON,20,3,0,0,
78,NJ,19,702,738,-15,11100,1110,9990,7356, -   , -   , -   ,7405,179,15,96,38, -   ,AUTO DEBIT,15,0,0,0,
79,GA,42,750,761,-15,16900,1690,15210,11591, -   , -   , -   ,11667,244,15,120,48,722,AUTO DEBIT,15,0,0,0,
80,SC,16,541,639,597,14900,1490,13410,11916,5115, -   ,300,15684,241,18,120,26,1973,COUPON,10,14,13,10,
81,SC,30,608,678,-25,12900,1290,11610,8550, -   , -   , -   ,8571,208,15,96,38,363,AUTO DEBIT,25,0,0,0,
82,NC,33,689,777,-5,19400,2571,16829,12135,30,30, -   ,12296,270,15,120,53, -   ,AUTO DEBIT,5,1,0,0,
83,WV,30,773,830,-15,15700,2364,13336,11844, -   , -   , -   ,11917,206,14,120,25, -   ,AUTO DEBIT,15,0,0,0,
84,OH,5,714,598,674,6200,620,5580,4250,2436, -   ,38,5958,104,17,84,28,1287,COUPON,25,15,14,11,
85,TN,45,734,753,-15,19400,1940,17460,13753, -   , -   , -   ,13844,281,15,120,44, -   ,AUTO DEBIT,15,0,0,0,
86,VA,47,738,733,-25,17900,4198,13702,11152, -   , -   , -   ,11176,204,13,120,37,-1,AUTO DEBIT,25,0,0,0,
87,TN,39,515,553,25,10300,1033,9267,6661,265, -   ,100,6914,166,15,96,40,329,COUPON,5,12,6,0,
88,NC,46,724,724,67,19400,1977,17423,15482,904,30,34,16157,280,15,120,26,732,COUPON,25,3,2,0,
89,GA,19,730,543,-25,20750,4150,16600,14469, -   , -   , -   ,14501,247,13,120,27,732,AUTO DEBIT,25,0,0,0,
90,SC,20,1,583,-15,13650,4281,9369,8367, -   , -   , -   ,8411,134,12,120,22,338,AUTO DEBIT,15,0,0,0,
91,NC,12,718,676,-25,14900,2073,12827,8870, -   , -   , -   ,8892,229,15,96,43, -   ,AUTO DEBIT,25,0,0,0,
92,GA,31,1,825,-15,19100,3698,15402,11878, -   , -   , -   ,11952,267,14,96,33, -   ,AUTO DEBIT,15,0,0,0,
93,NC,20,727,704,-5,9700,970,8730,6352, -   , -   , -   ,6420,156,15,96,39,1117,AUTO DEBIT,5,0,0,0,
94,NC,43,803,777,-25,20400,12000,8400,2892, -   , -   , -   ,2897,178,10,60,32, -   ,AUTO DEBIT,25,0,0,0,
95,NC,44,658,623,-22,11750,1214,10536,9568, -   , -   , -   ,9604,169,15,120,22, -   ,AUTO DEBIT,22,0,0,0,
96,MD,1,809,782,-20,5100,510,4590,3959, -   , -   , -   ,3977,82,15,96,22, -   ,AUTO DEBIT,20,0,0,0,
97,NY,10,1,718,-15,16950,4150,12800,9514, -   , -   , -   ,9565,225,12,84,29,79,AUTO DEBIT,15,0,0,0,
98,VA,30,755,694,-15,24200,2420,21780,19463, -   , -   , -   ,19592,350,15,120,25,361,AUTO DEBIT,15,0,0,0,
99,SC,18,774,756,-10,15300,1530,13770,10676, -   , -   , -   ,10787,247,18,120,50, -   ,COUPON,10,14,0,0,
100,KY,27,762,750,-5,24200,2732,21468,19077, -   , -   , -   ,19282,345,15,120,26, -   ,AUTO DEBIT,5,0,0,0,
101,IN,32,714,781,-5,17990,8000,9990,6963, -   , -   , -   ,7023,143,12,120,53, -   ,AUTO DEBIT,5,0,0,0,
102,NC,29,624,652,-10,17000,1700,15300,9957, -   , -   , -   ,10043,246,15,120,64, -   ,AUTO DEBIT,10,0,0,0,
103,IN,24,785,790,-20,24550,7365,17185,366, -   , -   , -   ,367,364,10,60,27, -   ,COUPON,20,12,0,0,
104,NC,37,752,771,-10,9700,970,8730,6504, -   , -   , -   ,6560,156,15,96,37, -   ,AUTO DEBIT,10,0,0,0,
105,CT,36,718,742,-25,14850,9167,5683,2975, -   , -   , -   ,2981,81,12,120,74, -   ,AUTO DEBIT,25,0,0,0,
106,PA,44,1,600,-10,11400,1140,10260,6918, -   , -   , -   ,6974,192,14,84,37,968,AUTO DEBIT,10,0,0,0,
107,SC,28,1,669,-10,25300,4487,20813,18320, -   , -   , -   ,18469,347,14,120,21, -   ,AUTO DEBIT,10,0,0,0,
108,NY,16,562,663,-25,14900,2108,12792,9314, -   , -   , -   ,9337,206,15,120,53, -   ,AUTO DEBIT,25,0,0,0,
109,PA,39,579,660,-25,13900,1441,12459,6923, -   , -   , -   ,6939,193,14,120,73, -   ,AUTO DEBIT,25,0,0,0,
110,TN,43,746,689,-20,15900,3180,12720,6434, -   , -   , -   ,6458,224,12,84,50, -   ,AUTO DEBIT,20,0,0,0,
111,WV,21,460,615,-1,15300,1530,13770,11424, -   , -   , -   ,11721,221,15,120,37,732,AUTO DEBIT,1,0,0,0,
112,NY,13,574,665,-20,14900,1490,13410,7955, -   , -   , -   ,7991,240,15,96,53,537,AUTO DEBIT,20,0,0,0,
113,MD,8,612,502,-20,7100,710,6390,4051,12, -   ,12,4082,114,15,96,49,1855,AUTO DEBIT,20,0,0,0,
114,DE,46,664,697,-20,12600,1260,11340,1727, -   , -   , -   ,1734,257,13,60,53, -   ,AUTO DEBIT,20,0,0,0,
115,NC,27,675,662,3,12750,1275,11475,10088,193, -   ,8,10360,184,15,120,28,3,COUPON,27,14,0,0,
116,NC,2,436,485,56,6200,620,5580,3846,244,30,12,4023,101,15,96,44,1989,COUPON,5,2,1,0,
117,WV,37,1,588,-20,15725,1579,14146,12427, -   , -   , -   ,12484,227,15,120,28, -   ,AUTO DEBIT,20,0,0,0,
118,PA,12,724,546,-10,9000,900,8100,6172,0, -   , -   ,6226,145,15,96,35,597,AUTO DEBIT,10,2,0,0,
119,VA,40,674,577,-15,15725,1573,14153,11660, -   , -   , -   ,11737,227,15,120,38,981,AUTO DEBIT,15,0,0,0,
120,VA,6,673,522,-20,6750,675,6075,4100, -   , -   , -   ,4035,138,13,60,24,363,AUTO DEBIT,20,0,0,0,
121,NY,37,691,656,-25,16300,2030,14270,10968, -   , -   , -   ,10995,229,15,120,46, -   ,COUPON,25,8,0,0,
122,MD,36,702,580,-1,11400,1140,10260,6918, -   , -   , -   ,7096,192,14,84,37, -   ,AUTO DEBIT,30,0,0,0,
123,VA,47,683,608,-15,16900,5070,11830,8587, -   , -   , -   ,8632,169,12,120,49,732,AUTO DEBIT,15,0,0,0,
124,VT,30,744,806,-25,19300,2333,16967,6816, -   , -   , -   ,6833,273,15,120,89, -   ,AUTO DEBIT,25,0,0,0,
125,NC,44,799,698,-5,9700,970,8730,6117, -   , -   , -   ,6183,156,15,96,42,0,AUTO DEBIT,5,0,0,0,
126,SC,48,700,716,-15,8050,805,7245,6037, -   , -   , -   ,6077,130,15,96,26,369,AUTO DEBIT,15,0,0,0,
127,ME,34,745,794,-25,19400,3951,15450,9056, -   , -   , -   ,9077,268,14,96,53, -   ,AUTO DEBIT,25,0,0,0,
128,SC,13,694,578,-10,8730,873,7857,4410, -   , -   , -   ,4448,141,15,96,56, -   ,AUTO DEBIT,10,0,0,0,
129,VA,43,536,489,41,18800,1880,16920,12616,641, -   ,36,13094,303,18,120,57,914,COUPON,20,8,7,0,
130,NJ,37,742,686,-15,17100,11267,5833,5036, -   , -   , -   ,5063,83,12,120,26, -   ,COUPON,15,2,0,0,
131,SC,48,733,765,-15,10900,1090,9810,6483, -   , -   , -   ,6535,193,18,96,46, -   ,AUTO DEBIT,15,0,0,0,
132,CA,46,788,717,-25,16050,3210,12840,8002, -   , -   , -   ,8020,191,13,120,64, -   ,AUTO DEBIT,25,0,0,0,
133,VA,29,732,687,-5,12400,1557,10843,9355, -   , -   , -   ,9455,174,15,120,31, -   ,AUTO DEBIT,5,0,0,0,
134,SC,14,753,582,759,14900,2452,12448,11248,5318, -   ,125,16561,208,16,120,22,1858,COUPON,1,14,14,11,
135,VA,44,571,505,-5,13300,1995,11305,9291, -   , -   , -   ,9384,175,14,120,35, -   ,COUPON,5,4,1,0,
136,WV,35,642,505,340,16733,1673,15060,13307,3124,60,160,15474,242,15,120,27,1645,COUPON,25,12,11,8,
137,NY,45,654,705,-15,16900,2535,14365,11634, -   , -   , -   ,11553,222,14,120,39, -   ,AUTO DEBIT,10,14,0,0,
138,NY,19,589,708,-5,20400,2058,18342,16585, -   , -   , -   ,16763,295,15,120,23,722,AUTO DEBIT,5,0,0,0,
139,SC,48,563,479,705,8050,805,7245,7176,3879, -   ,246,11182,151,20,96,2,1896,COUPON,25,15,14,11,
140,SC,13,646,494,582,24600,2460,22140,17236,9320, -   ,613,23225,435,18,96,33,4911,COUPON,25,15,14,11,
141,NC,37,680,759,-22,19400,1940,17460,13532,19, -   ,19,13601,281,15,120,46,5,AUTO DEBIT,5,0,0,0,
142,MD,31,1,683,-20,21600,9221,12379,10712, -   , -   , -   ,10751,177,12,120,27, -   ,AUTO DEBIT,20,0,0,0,
143,OH,44,765,539,36,15500,4650,10850,5665,370, -   , -   ,5777,185,11,84,47, -   ,COUPON,25,3,1,0,
144,CA,10,757,770,-5,14900,7800,7100,3668, -   , -   , -   ,3684,104,6,84,45, -   ,AUTO DEBIT,5,0,0,0,
145,KY,39,602,600,-25,13650,1365,12285,10792, -   , -   , -   ,10819,197,15,120,28,363,AUTO DEBIT,25,0,0,0,
146,OH,27,677,685,-20,20900,2514,18386,9694, -   , -   , -   ,9735,284,14,120,76, -   ,AUTO DEBIT,20,0,0,0,
147,NC,23,745,726,-28,15480,8325,7155,3190, -   , -   , -   ,3193,102,12,120,82, -   ,AUTO DEBIT,28,0,0,0,
148,SC,47,729,606,25,19400,3880,15520,10640,245, -   ,69,10866,231,13,120,56,732,COUPON,5,5,2,0,
149,FL,6,801,772,-15,8050,805,7245,5983,8, -   ,8,6030,130,15,96,27,51,COUPON,15,9,0,0,
150,GA,6,732,538,-25,7500,750,6750,4404, -   , -   , -   ,4414,126,14,84,39, -   ,AUTO DEBIT,25,0,0,0,
151,GA,23,692,663,-5,9700,970,8730,6197, -   , -   , -   ,6263,156,15,96,41,1119,AUTO DEBIT,5,0,0,0,
152,DE,20,684,738,-25,16900,1827,15073,11387, -   , -   , -   ,11415,242,15,120,49, -   ,AUTO DEBIT,25,0,0,0,
153,GA,43,675,528,46,16500,2442,14058,7537,461, -   ,26,7781,217,14,120,74,714,COUPON,15,2,1,0,
154,NC,8,463,,289,6900,691,6209,5738,1256,30,178,6608,111,15,96,13,1445,COUPON,15,14,11,6,
155,NC,46,493,556,740,9700,1026,8674,8009,4545, -   ,281,11054,171,18,96,13,1435,COUPON,20,14,13,10,
156,SC,48,647,707,-5,10900,1293,9607,5994, -   , -   , -   ,6059,172,15,96,50,793,AUTO DEBIT,5,1,0,0,
157,VA,50,619,617,-15,8050,805,7245,4888, -   , -   , -   ,4916,164,13,60,24,363,AUTO DEBIT,15,0,0,0,
158,NC,32,641,728,-20,23200,2320,20880,14632, -   , -   , -   ,14698,373,15,96,42, -   ,AUTO DEBIT,20,0,0,0,
159,GA,7,599,613,-25,8000,800,7200,3889, -   , -   , -   ,3899,129,15,96,57,0,AUTO DEBIT,25,0,0,0,
160,MD,2,592,597,-20,5200,520,4680,4033, -   , -   , -   ,4052,84,15,96,22,0,AUTO DEBIT,20,0,0,0,
161,NC,8,600,,432,7100,710,6390,2832,1828,30,7,3254,119,14,84,34,1005,COUPON,25,15,14,11,
162,SC,6,646,634,-25,7500,926,6574,5428, -   , -   , -   ,5442,118,15,96,27,424,AUTO DEBIT,25,1,0,0,
163,VA,8,693,630,-25,7100,1065,6035,4233, -   , -   , -   ,4243,104,14,96,41, -   ,AUTO DEBIT,25,0,0,0,
164,WV,18,635,715,-15,12600,1260,11340,8545, -   , -   , -   ,8602,203,15,96,36,363,AUTO DEBIT,15,0,0,0,
165,NC,23,643,695,5,16650,1665,14985,6672,265, -   ,15,6910,250,16,120,86, -   ,COUPON,25,12,0,0,
166,PA,27,698,716,-20,12900,1290,11610,8650, -   , -   , -   ,8689,208,15,96,37,363,AUTO DEBIT,20,0,0,0,
167,NC,5,472,549,-15,6200,771,5429,4091, -   , -   , -   ,4118,97,15,96,36,1418,AUTO DEBIT,15,0,0,0,
168,CT,30,698,696,-20,23200,2320,20880,13029, -   , -   , -   ,13088,373,15,96,50,732,AUTO DEBIT,20,0,0,0,
169,TN,40,672,650,-15,12200,1220,10980,7070, -   , -   , -   ,7116,196,15,96,48,359,AUTO DEBIT,15,0,0,0,
170,SC,22,663,787,-20,19400,3880,15520,7676, -   , -   , -   ,7704,273,12,84,49, -   ,COUPON,20,0,0,0,
171,OH,45,761,735,-10,12000,1200,10800,8918, -   , -   , -   ,8996,193,15,96,27, -   ,AUTO DEBIT,10,0,0,0,
172,PA,16,668,683,-15,9900,1090,8810,5541, -   , -   , -   ,5585,173,18,96,50,944,COUPON,15,14,1,0,
173,PA,7,634,660,-1,7500,926,6574,5229, -   , -   , -   ,5441,123,14,84,25, -   ,COUPON,1,11,5,2,
174,PA,44,624,549,390,10400,1040,9360,8800,2142,60,126,10453,150,15,120,15,1256,COUPON,5,13,12,9,
175,NC,7,678,721,-10,7100,771,6329,4403, -   , -   , -   ,4438,118,14,84,35,363,COUPON,10,13,5,0,
176,NJ,7,619,689,-1,6900,926,5974,4372,38,30,8,4479,136,13,60,20, -   ,AUTO DEBIT,1,1,0,0,
177,VA,50,690,611,-25,8050,805,7245,5871, -   , -   , -   ,5886,130,15,96,29, -   ,AUTO DEBIT,25,0,0,0,
178,OH,18,802,731,-15,9700,970,8730,6207,9, -   ,9,6257,156,15,96,41, -   ,AUTO DEBIT,15,0,0,0,
179,NJ,23,586,604,-5,12500,1747,10753,8123, -   , -   , -   ,8211,173,15,120,49,703,AUTO DEBIT,5,0,0,0,
180,NC,52,683,588,472,8700,1026,7674,6728,2559, -   ,145,8427,151,18,96,20,1094,COUPON,15,14,13,10,
181,MD,46,608,556,60,12900,1290,11610,10067,442, -   ,38,10699,208,18,120,34,363,COUPON,1,14,4,0,
182,VA,7,688,588,-25,7100,926,6174,3914, -   , -   , -   ,3924,110,15,96,49, -   ,AUTO DEBIT,25,0,0,0,
183,NC,15,793,784,-20,10800,2160,8640,5879, -   , -   , -   ,5900,152,12,84,35, -   ,AUTO DEBIT,20,0,0,0,
184,SC,2,525,503,406,6200,630,5570,4449,1495, -   ,101,5287,100,15,96,30,591,COUPON,20,14,13,10,
185,NC,48,571,696,-20,7100,710,6390,4177, -   , -   , -   ,4196,114,15,96,47,20,AUTO DEBIT,20,0,0,0,
186,VA,5,676,702,-2,6750,1294,5456,4307, -   , -   , -   ,4352,99,13,84,25, -   ,AUTO DEBIT,2,0,0,0,
187,GA,17,651,654,-20,10500,1394,9106,7520, -   , -   , -   ,7554,163,15,96,27,1126,AUTO DEBIT,20,0,0,0,
188,PA,51,779,835,-15,14900,4900,10000,6891, -   , -   , -   ,6921,212,10,60,22, -   ,AUTO DEBIT,15,0,0,0,
189,NY,51,777,801,-5,11150,1115,10035,8076, -   , -   , -   ,8157,188,14,84,24,0,AUTO DEBIT,5,0,0,0,
190,MI,37,805,775,-10,12200,1365,10835,6427, -   , -   , -   ,6483,194,15,96,53, -   ,AUTO DEBIT,10,0,0,0,
191,VA,9,627,715,-5,9700,1481,8219,5298, -   , -   , -   ,5351,142,14,96,47,291,AUTO DEBIT,5,0,0,0,
192,NC,9,812,834,-10,14900,7450,7450,2767, -   , -   , -   ,2783,158,10,60,41, -   ,AUTO DEBIT,10,0,0,0,
193,SC,4,675,799,-5,7380,738,6642,3940, -   , -   , -   ,3982,119,15,96,53, -   ,AUTO DEBIT,5,0,0,0,
194,GA,9,679,647,-5,10250,1025,9225,4614, -   , -   , -   ,4634,140,6,96,60,363,AUTO DEBIT,5,2,0,0,
195,SC,7,614,540,-10,7100,710,6390,4339,56,56, -   ,4433,114,15,96,44, -   ,AUTO DEBIT,10,4,1,0,
196,SC,49,752,755,-20,9900,990,8910,7557, -   , -   , -   ,7591,159,15,96,24,722,AUTO DEBIT,20,0,0,0,
197,MD,15,695,717,-1,9900,1294,8606,5456, -   , -   , -   ,5606,154,15,96,49, -   ,AUTO DEBIT,1,0,0,0,
198,SC,7,516,,-5,10900,1090,9810,5074, -   , -   , -   ,5125,152,14,120,77,1975,AUTO DEBIT,5,8,6,0,
199,MD,17,544,644,10,11600,1160,10440,4780,209, -   ,22,4883,187,15,96,65,8,COUPON,20,11,5,0,
200,NC,34,470,520,698,10300,1030,9270,9122,4518, -   ,326,13294,182,18,96,3,1546,COUPON,1,14,14,11,
201,SC,13,703,805,-15,14900,1490,13410,7526, -   , -   , -   ,7576,240,15,96,56, -   ,AUTO DEBIT,15,0,0,0,
202,SC,8,624,612,750,7000,700,6300,5154,3308, -   ,211,7090,124,18,96,28,1450,COUPON,10,14,13,10,
203,NC,10,764,782,-20,10800,1080,9720,8637, -   , -   , -   ,8677,156,15,120,26, -   ,AUTO DEBIT,20,0,0,0,
204,PA,1,643,510,36,5200,520,4680,3515,275, -   ,63,3660,106,13,60,19,891,COUPON,25,2,1,0,
205,NC,49,705,749,-25,8000,900,7100,3252, -   , -   , -   ,3259,133,14,84,55, -   ,AUTO DEBIT,25,0,0,0,
206,NC,8,626,600,-10,7100,710,6390,3653, -   , -   , -   ,3683,119,14,84,45, -   ,COUPON,10,4,0,0,
207,SC,38,513,559,-25,11050,1105,9945,8287, -   , -   , -   ,8308,178,15,96,26,1239,AUTO DEBIT,25,0,0,0,
208,GA,9,699,730,-20,9800,980,8820,7283, -   , -   , -   ,7316,158,15,96,27, -   ,AUTO DEBIT,20,0,0,0,
209,VA,26,745,767,-3,24200,2420,21780,19245, -   , -   , -   ,19468,350,15,120,27, -   ,AUTO DEBIT,3,0,0,0,
210,VA,37,795,735,-15,13650,1365,12285,9772, -   , -   , -   ,9832,230,14,84,25, -   ,AUTO DEBIT,15,0,0,0,
211,SC,49,453,580,745,7100,771,6329,6188,3342, -   ,231,8605,124,18,96,4,1475,COUPON,15,14,13,10,
212,OH,25,777,693,-10,24200,4840,19360,12734, -   , -   , -   ,12822,341,12,84,36, -   ,COUPON,10,14,0,0,
213,GA,12,485,541,851,7540,754,6786,6178,3952,30,186,9735,133,18,96,17,524,COUPON,1,14,14,11,
214,NC,5,648,596,-5,6200,742,5458,3063, -   , -   , -   ,3096,98,15,96,56,640,AUTO DEBIT,5,0,0,0,
215,VA,1,613,712,-10,6100,896,5204,472, -   , -   , -   ,476,97,14,84,71, -   ,AUTO CREDIT,10,12,10,0,
216,NY,6,674,640,-20,7000,700,6300,3910, -   , -   , -   ,3932,124,18,96,56, -   ,COUPON,20,12,8,1,
217,NY,32,658,596,-20,11600,1260,10340,6450,0,0, -   ,6480,185,15,96,48,363,AUTO CREDIT,20,1,0,0,
218,NC,27,764,709,-15,11600,1160,10440,7955, -   , -   , -   ,8008,187,15,96,35, -   ,AUTO DEBIT,15,0,0,0,
219,SC,6,535,643,-25,7700,1026,6674,5459, -   , -   , -   ,5472,119,15,96,28, -   ,AUTO DEBIT,25,0,0,0,
220,MD,4,732,685,-1,6200,671,5529,4729, -   , -   , -   ,4853,99,15,96,23,363,AUTO DEBIT,1,0,0,0,
221,SC,14,569,528,69,12500,1250,11250,9268,719,90,87,9818,181,15,120,38,1553,AUTO DEBIT,23,9,8,0,
222,IN,9,677,613,-25,10300,1030,9270,6663, -   , -   , -   ,6679,166,15,96,40,1405,AUTO DEBIT,25,0,0,0,
223,GA,50,525,647,56,6900,926,5974,5195,386,90,83,5551,107,15,96,21, -   ,AUTO DEBIT,5,4,2,0,
224,VA,43,799,828,-15,11100,1110,9990,5735, -   , -   , -   ,5770,155,14,120,71, -   ,AUTO DEBIT,15,0,0,0,
225,KY,23,759,793,-25,11100,1110,9990,4813, -   , -   , -   ,4825,179,15,96,63, -   ,AUTO DEBIT,25,0,0,0,
226,NC,31,561,551,263,23200,2320,20880,18449,3361, -   , -   ,20593,373,15,96,18,722,COUPON,1,11,10,5,
227,MD,35,517,494,-10,10400,1040,9360,8687,80,40,40,9119,167,15,96,19,1536,AUTO DEBIT,10,14,13,9,
228,NC,2,671,483,117,6450,645,5805,4672,615,150,26,5110,108,14,84,24,492,AUTO DEBIT,5,6,4,0,
229,NC,30,601,680,-20,11600,1160,10440,6619, -   , -   , -   ,6649,187,15,96,49, -   ,AUTO DEBIT,20,0,0,0,
230,MD,49,669,654,-20,7100,710,6390,3924, -   , -   , -   ,3942,114,15,96,50,186,COUPON,20,11,6,1,
231,NC,7,591,646,-1,7500,926,6574,5478, -   , -   , -   ,5622,118,15,96,26,424,AUTO DEBIT,15,0,0,0,
232,DE,11,759,782,-20,16950,3390,13560,9941, -   , -   , -   ,9977,239,12,84,30, -   ,AUTO DEBIT,20,0,0,0,
233,MD,7,619,732,-15,7100,1026,6074,4095, -   , -   , -   ,4120,113,14,84,37,363,AUTO DEBIT,15,0,0,0,
234,SC,46,803,655,-5,11100,1110,9990,5769, -   , -   , -   ,5836,167,16,120,73,363,COUPON,5,0,0,0,
235,VA,5,698,613,-20,7400,740,6660,217, -   , -   , -   ,218,132,16,84,77, -   ,COUPON,20,0,0,0,
236,NC,6,578,644,117,7700,926,6774,5637,531, -   ,38,5973,127,14,84,20,962,COUPON,5,12,8,0,
237,VA,13,525,,740,10150,1015,9135,9135,4291, -   ,206,12032,163,15,96,0,1885,COUPON,20,14,13,10,
238,IL,23,560,651,664,14900,1490,13410,1915,2027, -   , -   ,2024,207,14,120,51,537,COUPON,5,3,3,3,
239,SC,8,485,480,821,7100,711,6389,5688,3614, -   ,223,9078,126,18,96,18,1966,COUPON,1,14,14,11,
240,VA,3,782,756,-20,6750,1046,5704,4674, -   , -   , -   ,4694,99,14,96,27, -   ,AUTO DEBIT,20,0,0,0,
241,MD,47,661,495,5,11100,1110,9990,5441,208, -   ,12,5549,196,18,96,59,363,COUPON,25,11,0,0,
242,MA,4,505,591,-15,6750,675,6075,4832, -   , -   , -   ,4862,114,14,84,25, -   ,AUTO DEBIT,15,0,0,0,
243,SC,8,643,628,-10,7000,765,6235,3362, -   , -   , -   ,3391,112,15,96,58,580,AUTO CREDIT,10,1,0,0,
244,NC,50,455,584,679,7100,710,6390,5479,3466, -   ,396,7789,133,20,96,25,1431,COUPON,20,14,13,10,
245,NC,11,503,627,-20,9800,980,8820,7099, -   , -   , -   ,7131,158,15,96,30,485,AUTO DEBIT,20,0,0,0,
246,NJ,38,681,612,-15,19400,5820,13580,8067, -   , -   , -   ,8102,288,10,60,28, -   ,AUTO DEBIT,15,0,0,0,
247,SC,17,792,814,-20,10300,1030,9270,7440, -   , -   , -   ,7474,166,15,96,30, -   ,COUPON,20,0,0,0,
248,KY,47,735,726,-5,14900,2980,11920,4461, -   , -   , -   ,4499,210,12,84,60, -   ,AUTO DEBIT,5,0,0,0,
249,VA,46,499,522,51,9700,970,8730,6117,331, -   ,19,6723,156,15,96,42,369,COUPON,10,14,13,10,
250,SC,36,0,,482,9900,990,8910,6252,2971, -   ,168,7817,175,18,96,42,2088,COUPON,5,14,13,10,
251,SC,14,780,830,-10,7800,780,7020,217, -   , -   , -   ,219,135,15,84,82, -   ,AUTO DEBIT,10,0,0,0,
252,NY,28,599,637,-20,18500,1850,16650,7246, -   , -   , -   ,7279,268,15,120,86, -   ,AUTO DEBIT,20,0,0,0,
253,NC,15,651,748,-20,10300,1030,9270,5498, -   , -   , -   ,5523,166,15,96,53, -   ,AUTO DEBIT,20,1,0,0,
254,NC,16,764,698,-5,14900,1490,13410,10793, -   , -   , -   ,10901,251,14,84,24,-721,AUTO DEBIT,5,1,0,0,
255,CT,11,667,583,-5,10250,1025,9225,4661, -   , -   , -   ,4711,165,15,96,61, -   ,AUTO DEBIT,5,0,0,0,
256,SC,34,790,794,-25,11100,1110,9990,5458, -   , -   , -   ,5470,155,14,120,74, -   ,AUTO DEBIT,25,0,0,0,
257,SC,52,683,724,-25,14900,1490,13410,9253, -   , -   , -   ,9273,304,13,60,23,8,AUTO DEBIT,25,0,0,0,
258,NC,38,682,564,158,16750,1675,15075,14102,1573,90,29,15680,242,15,120,17,1532,COUPON,25,11,10,2,
259,GA,37,566,583,-5,9700,970,8730,5500, -   , -   , -   ,5555,163,14,84,41,485,AUTO DEBIT,5,0,0,0,
260,SC,51,766,698,-25,9800,980,8820,6721, -   , -   , -   ,6825,158,15,96,34, -   ,COUPON,25,8,2,0,
261,NC,28,780,736,-25,11600,5000,6600,3365, -   , -   , -   ,3371,113,11,84,49, -   ,AUTO DEBIT,25,0,0,0,
262,NY,37,457,523,-5,11250,1125,10125,7159,11, -   ,11,7246,181,15,96,39, -   ,COUPON,5,14,9,0,
263,NC,39,541,614,-5,9700,970,8730,5535,9, -   ,9,5603,156,15,96,49, -   ,AUTO DEBIT,5,0,0,0,
264,VA,34,594,633,-5,14900,1490,13410,9815, -   , -   , -   ,9920,240,15,96,38, -   ,COUPON,5,3,0,0,
265,NC,48,663,636,-20,7500,750,6750,4329, -   , -   , -   ,4347,126,14,84,40,-20,AUTO DEBIT,20,0,0,0,
266,VA,1,608,623,750,8990,899,8091,8041,3801, -   ,182,10594,145,15,96,1,2548,COUPON,10,14,13,10,
267,NC,24,702,550,51,11600,1160,10440,7504,426,30,22,7805,187,15,96,40,603,COUPON,10,4,2,0,
268,VA,17,715,769,-5,15300,1530,13770,6306, -   , -   , -   ,6374,246,15,96,65, -   ,AUTO DEBIT,5,0,0,0,
269,NY,1,657,658,-1,6100,610,5490,3470,13, -   ,13,3532,112,17,84,37, -   ,COUPON,1,13,0,0,
270,SC,21,584,657,-5,11100,2220,8880,1602, -   , -   , -   ,1616,156,12,84,73, -   ,AUTO DEBIT,5,0,0,0,
271,NC,15,618,689,25,8800,880,7920,1496,157, -   ,9,1536,148,14,84,73,375,COUPON,5,1,0,0,
272,NC,21,650,603,364,8450,845,7605,2836,1838,30,102,3329,142,14,84,61,983,COUPON,1,12,12,9,
273,SC,17,605,631,-3,11500,1150,10350,5891,0, -   , -   ,5955,160,14,120,72,537,COUPON,25,10,0,0,
274,GA,3,458,557,674,6200,620,5580,4968,2820, -   ,296,7335,110,18,96,18,2423,COUPON,25,15,14,11,
275,NC,3,678,654,-25,6200,620,5580,3910, -   , -   , -   ,3920,100,15,96,42,1151,AUTO DEBIT,25,2,2,0,
276,NC,8,789,800,-15,7700,770,6930,4597, -   , -   , -   ,4625,129,14,84,38, -   ,AUTO DEBIT,15,0,0,0,
277,NC,47,782,803,-10,15900,1590,14310,9436, -   , -   , -   ,9535,281,18,96,49,522,COUPON,10,10,1,0,
278,OH,32,793,728,-15,17000,1700,15300,7553, -   , -   , -   ,7603,274,15,96,62, -   ,AUTO DEBIT,15,0,0,0,
279,MD,29,695,590,-25,15700,1570,14130,10527, -   , -   , -   ,10553,253,15,96,37,363,AUTO DEBIT,25,0,0,0,
280,NC,3,606,558,-25,6200,620,5580,3961, -   , -   , -   ,3971,100,15,96,41,542,AUTO DEBIT,25,0,0,0,
281,NC,17,527,601,-20,10150,1015,9135,7251, -   , -   , -   ,7289,186,17,84,27, -   ,AUTO DEBIT,20,0,0,0,
282,NC,16,769,531,-25,14900,4470,10430,5573, -   , -   , -   ,5583,178,11,84,47, -   ,AUTO DEBIT,25,0,0,0,
283,VA,19,766,788,-20,18500,1850,16650,8963, -   , -   , -   ,9001,258,14,120,75, -   ,AUTO CREDIT,20,1,0,0,
284,MI,6,768,764,-5,8050,805,7245,5066, -   , -   , -   ,5117,135,14,84,29, -   ,COUPON,5,4,0,0,
285,MD,45,739,744,-20,18800,1880,16920,7422, -   , -   , -   ,7463,333,18,96,66, -   ,COUPON,20,6,0,0,
286,NC,46,723,585,-20,14900,1490,13410,6620, -   , -   , -   ,6650,240,15,96,62, -   ,AUTO DEBIT,20,0,0,0,
287,SC,22,470,523,613,10700,1070,9630,9088,4478, -   ,254,13228,201,20,96,11,1541,COUPON,25,15,14,11,
288,NY,29,770,815,-5,24200,4840,19360,16219, -   , -   , -   ,16370,288,13,120,33, -   ,AUTO DEBIT,5,0,0,0,
289,NC,52,766,804,-5,10300,1030,9270,3447, -   , -   , -   ,3435,173,14,84,49, -   ,AUTO DEBIT,5,0,0,0,
290,GA,4,704,555,-25,6750,675,6075,5016, -   , -   , -   ,5029,109,15,96,27,424,AUTO DEBIT,25,0,0,0,
291,GA,14,703,734,-15,9350,935,8415,6614, -   , -   , -   ,6655,157,14,84,26, -   ,AUTO DEBIT,15,0,0,0,
292,NY,8,656,563,-25,8050,805,7245,5763, -   , -   , -   ,5776,135,14,84,25,263,AUTO DEBIT,25,0,0,0,
293,WV,10,694,532,-20,10800,1080,9720,7406, -   , -   , -   ,7440,174,15,96,35,580,AUTO DEBIT,20,0,0,0,
294,NC,25,654,506,-10,24550,2455,22095,19523,71,30,41,19764,355,15,120,27,340,AUTO DEBIT,10,1,1,0,
295,CA,28,705,508,-5,15270,1527,13743,7503, -   , -   , -   ,7578,213,14,120,74,603,AUTO DEBIT,5,0,0,0,
296,IN,2,614,504,-10,6200,620,5580,3515, -   , -   , -   ,3544,104,14,84,41,1442,AUTO DEBIT,10,0,0,0,
297,WV,9,596,647,77,10250,1025,9225,5054,577, -   ,33,5345,181,18,96,62,369,COUPON,15,10,4,0,
298,NC,8,752,496,209,7000,700,6300,4179,896,60,47,4673,113,15,96,46,1128,COUPON,5,7,6,3,
299,MD,12,520,511,319,8800,880,7920,6596,1991,120,313,7927,142,15,96,25,1139,COUPON,15,14,13,7,
300,GA,49,583,553,-5,7000,700,6300,3737,241, -   ,241,4019,113,15,96,53,2388,AUTO DEBIT,5,0,0,0,
301,NC,14,735,776,-15,14900,2371,12529,6521, -   , -   , -   ,6462,231,16,96,57, -   ,COUPON,15,10,2,0,
302,TN,8,588,574,-10,7000,700,6300,549, -   , -   , -   ,554,121,15,84,79,1001,AUTO DEBIT,10,0,0,0,
303,SC,13,603,572,25,16300,1630,14670,2319,727, -   ,453,2819,274,14,84,75,4479,AUTO DEBIT,5,14,12,0,
304,GA,2,791,743,-20,5200,1040,4160,2952, -   , -   , -   ,2962,90,11,60,21, -   ,AUTO DEBIT,20,0,0,0,
305,VA,2,474,528,-25,6750,675,6075,4876, -   , -   , -   ,4888,109,15,96,30,1911,AUTO DEBIT,25,0,0,0,
306,NC,10,488,661,-5,9780,978,8802,2099,45, -   ,45,2165,164,14,84,70, -   ,AUTO DEBIT,5,0,0,0,
307,VA,6,463,522,888,11500,2300,9200,8461,5100, -   ,243,12036,162,12,84,10,2524,COUPON,25,15,14,11,
308,NC,11,656,516,-5,10300,1030,9270,5498, -   , -   , -   ,5558,166,15,96,53,485,AUTO DEBIT,5,0,0,0,
309,MD,17,776,784,-25,14900,2980,11920,8080, -   , -   , -   ,8094,259,11,60,23, -   ,AUTO DEBIT,25,0,0,0,
310,SC,2,681,619,-5,5100,510,4590,3992, -   , -   , -   ,4035,82,15,96,21,0,AUTO DEBIT,5,0,0,0,
311,VA,28,648,599,-15,23200,2320,20880,13238, -   , -   , -   ,13326,373,15,96,49,722,AUTO DEBIT,15,0,0,0,
312,GA,7,592,595,5,7100,710,6390,4740,180,37,28,4942,115,15,96,39,1109,AUTO DEBIT,25,13,10,0,
313,NC,5,430,526,401,6750,675,6075,5733,1863,90,100,7087,119,18,96,11,959,COUPON,25,15,14,10,
314,VA,5,552,508,340,6750,675,6075,5409,1376, -   ,98,6333,109,15,96,18,914,COUPON,25,15,13,8,
315,NC,5,803,812,-15,6400,640,5760,4340, -   , -   , -   ,4369,103,15,96,36,363,AUTO DEBIT,15,0,0,0,
316,NC,51,663,642,-10,10300,1030,9270,5784, -   , -   , -   ,5834,166,15,96,50,369,AUTO DEBIT,10,0,0,0,
317,GA,38,464,515,-15,13300,1330,11970,9223,14, -   ,14,9182,235,18,96,36,363,COUPON,15,12,1,0,
318,NC,36,694,510,133,19400,1940,17460,12955,1403, -   , -   ,13800,281,15,120,51,1508,COUPON,10,5,4,1,
319,VA,4,773,801,-5,8990,899,8091,6742, -   , -   , -   ,6815,145,15,96,26, -   ,AUTO DEBIT,5,0,0,0,
320,NC,1,654,688,-25,9500,950,8550,5299, -   , -   , -   ,5312,154,15,96,51,793,AUTO DEBIT,25,0,0,0,
321,VA,8,698,705,87,9500,950,8550,4251,508, -   ,29,4463,160,14,84,52,-32,COUPON,5,3,2,0,
322,VA,42,798,576,-5,13300,1330,11970,8893,13, -   ,13,9002,214,15,96,36,1435,COUPON,5,8,2,0,
323,MI,50,680,635,-15,8050,805,7245,5694, -   , -   , -   ,5730,135,14,84,26,369,COUPON,15,1,0,0,
324,NC,17,801,825,-25,14900,7392,7508,314, -   , -   , -   ,315,159,10,60,58, -   ,AUTO DEBIT,25,0,0,0,
325,VA,50,741,728,-20,8050,805,7245,5815, -   , -   , -   ,5841,130,15,96,30, -   ,COUPON,20,6,0,0,
326,MD,33,769,691,-15,14900,1490,13410,7193, -   , -   , -   ,7244,224,16,120,73, -   ,COUPON,15,12,0,0,
327,PA,50,730,721,-25,6900,690,6210,5646, -   , -   , -   ,5709,111,18,96,24,537,COUPON,25,12,0,0,
328,NC,13,719,720,-1,14900,1490,13410,12049, -   , -   , -   ,12359,216,15,120,24, -   ,AUTO DEBIT,1,0,0,0,
329,SC,48,642,696,-25,7100,710,6390,3879,7, -   ,7,3895,119,14,84,43, -   ,AUTO DEBIT,25,0,0,0,
330,GA,4,652,754,-10,6200,620,5580,4128, -   , -   , -   ,4164,100,15,96,38, -   ,AUTO DEBIT,10,0,0,0,
331,OH,51,608,664,-25,14900,1490,13410,8635, -   , -   , -   ,8656,240,15,96,48,722,AUTO DEBIT,25,0,0,0,
332,GA,37,650,700,-15,12600,1260,11340,6486, -   , -   , -   ,6529,203,15,96,55, -   ,AUTO DEBIT,15,0,0,0,
333,NY,36,742,518,416,8600,860,7740,1480,1681, -   ,88,1676,149,16,84,73,980,COUPON,10,12,12,9,
334,SC,7,666,663,-20,7100,710,6390,3857,97,90,7,3971,114,15,96,52, -   ,AUTO CREDIT,20,3,0,0,
335,NC,3,510,560,248,5200,520,4680,4230,914,120,40,4858,84,15,96,16,2017,COUPON,25,9,8,5,
336,MD,3,727,674,-15,6200,620,5580,2998, -   , -   , -   ,3016,104,14,84,48,363,AUTO DEBIT,15,0,0,0,
337,TN,1,695,716,-10,6200,620,5580,3647, -   , -   , -   ,3679,100,15,96,47, -   ,AUTO DEBIT,10,0,0,0,
338,PA,24,579,581,-25,15700,1600,14100,7704, -   , -   , -   ,7721,320,13,60,32, -   ,AUTO DEBIT,25,0,0,0,
339,PA,34,440,496,452,11050,1105,9945,8657,3851, -   ,246,10498,241,16,60,11,787,COUPON,5,14,13,10,
340,NC,3,581,696,425,6200,620,5580,4225,1628,120,106,5231,100,15,96,36,1107,COUPON,1,14,14,11,
341,MA,17,771,779,-5,14900,2980,11920,8095, -   , -   , -   ,8158,259,11,60,23, -   ,AUTO DEBIT,5,0,0,0,
342,VA,17,709,596,-10,10800,1080,9720,7064,10,10, -   ,7132,182,14,84,32, -   ,AUTO DEBIT,10,1,0,0,
343,MI,9,807,813,-15,11250,1125,10125,5572, -   , -   , -   ,5609,181,15,96,57, -   ,AUTO DEBIT,15,0,0,0,
344,NC,26,763,595,-10,22900,2290,20610,10413, -   , -   , -   ,10504,369,15,96,60,722,AUTO DEBIT,10,0,0,0,
345,SC,10,491,595,868,10250,1025,9225,7781,5456, -   ,261,10931,181,18,96,35,1856,COUPON,15,14,13,10,
346,SC,3,640,714,-20,6200,620,5580,2629, -   , -   , -   ,2641,104,14,84,54, -   ,AUTO DEBIT,20,0,0,0,
347,MD,7,613,523,401,7000,700,6300,4526,1819,60,230,5544,113,15,96,41,1120,COUPON,25,15,14,11,
348,NC,32,529,624,-5,12600,2520,10080,6621,83,30,53,6696,177,12,84,37,363,AUTO DEBIT,5,3,2,0,
349,GA,12,731,645,-5,10300,1030,9270,5690, -   , -   , -   ,5751,166,15,96,51, -   ,AUTO DEBIT,5,0,0,0,
350,SC,52,775,771,-15,10250,1025,9225,4336, -   , -   , -   ,4364,165,15,96,64, -   ,AUTO DEBIT,15,1,0,0,
,,,,,,,,,,,,,,,,,,,,,,,,
,,,,,,,,,,,,,,,,,,,,,,,,
